Stream 1,Stream 2,Stream 3,Stream 4,Stream 5
25.425210548003758,36.180665036272444,33.6731601827808,98.41143749245651,88.59458484094833
80.7845843985546,82.59117036725675,59.31228354608551,4.817129238323931,37.51513383062228
64.45257893222605,33.05040007763964,50.496811742093115,39.44222219939843,24.112673557464483
31.45039688339146,24.951409739320304,79.4962385316346,33.06320019428675,86.79388723307656
